<?xml version="1.0" encoding="UTF-8"?>
<project-private xmlns="http://www.netbeans.org/ns/project-private/1">
    <editor-bookmarks xmlns="http://www.netbeans.org/ns/editor-bookmarks/2" lastBookmarkId="0"/>
    <open-files xmlns="http://www.netbeans.org/ns/projectui-open-files/2">
        <group>
            <file>file:/C:/Users/DELL/Desktop/JavaApplication3/JavaApplication3/src/login.java</file>
            <file>file:/C:/Users/DELL/Desktop/JavaApplication3/JavaApplication3/src/Available.java</file>
            <file>file:/C:/Users/DELL/Desktop/JavaApplication3/JavaApplication3/src/cs310.java</file>
            <file>file:/C:/Users/DELL/Desktop/JavaApplication3/JavaApplication3/src/cs310q2.java</file>
            <file>file:/C:/Users/DELL/Desktop/JavaApplication3/JavaApplication3/src/cs310q3.java</file>
            <file>file:/C:/Users/DELL/Desktop/JavaApplication3/JavaApplication3/src/bit481.java</file>
            <file>file:/C:/Users/DELL/Desktop/JavaApplication3/JavaApplication3/src/bit481q2.java</file>
            <file>file:/C:/Users/DELL/Desktop/JavaApplication3/JavaApplication3/src/bit481q3.java</file>
            <file>file:/C:/Users/DELL/Desktop/JavaApplication3/JavaApplication3/src/endquizjava.java</file>
            <file>file:/C:/Users/DELL/Desktop/JavaApplication3/JavaApplication3/src/endquizweb.java</file>
        </group>
    </open-files>
</project-private>
